{
    "weekday": [
        {
            "start": "0645",
            "end": "1600",
            "breaks": [
                {
                    "start": "0830",
                    "end": "0900"
                },
                {
                    "start": "1300",
                    "end": "1345"
                }
            ]
        },
        {
            "start": "0800",
            "end": "1600",
            "breaks": [
                {
                    "start": "1200",
                    "end": "1300"
                }
            ]
        },
        {
            "start": "1000",
            "end": "1900",
            "breaks": [
                {
                    "start": "1400",
                    "end": "1515"
                }
            ]
        },
        {
            "start": "1100",
            "end": "2000",
            "breaks": [
                {
                    "start": "1515",
                    "end": "1630"
                }
            ]
        },
        {
            "start": "1200",
            "end": "2100",
            "breaks": [
                {
                    "start": "1630",
                    "end": "1745"
                }
            ]
        },
        {
            "start": "1600",
            "end": "2315",
            "breaks": [
                {
                    "start": "1900",
                    "end": "1930"
                }
            ]
        },
        {
            "start": "1600",
            "end": "2315",
            "breaks": [
                {
                    "start": "1930",
                    "end": "2000"
                }
            ]
        },
        {
            "start": "1600",
            "end": "2000",
            "breaks": []
        }
    ],
    "saturday": [
        {
            "start": "0645",
            "end": "1600",
            "breaks": [
                {
                    "start": "0900",
                    "end": "0930"
                },
                {
                    "start": "1115",
                    "end": "1200"
                }
            ]
        },
        {
            "start": "0900",
            "end": "1800",
            "breaks": [
                {
                    "start": "1200",
                    "end": "1315"
                }
            ]
        },
        {
            "start": "1000",
            "end": "1900",
            "breaks": [
                {
                    "start": "1330",
                    "end": "1445"
                }
            ]
        },
        {
            "start": "1100",
            "end": "2000",
            "breaks": [
                {
                    "start": "1500",
                    "end": "1615"
                }
            ]
        },
        {
            "start": "1200",
            "end": "2100",
            "breaks": [
                {
                    "start": "1630",
                    "end": "1745"
                }
            ]
        },
        {
            "start": "1500",
            "end": "2315",
            "breaks": [
                {
                    "start": "1800",
                    "end": "1845"
                }
            ]
        },
        {
            "start": "1600",
            "end": "2315",
            "breaks": [
                {
                    "start": "1900",
                    "end": "1930"
                }
            ]
        }
    ],
    "sunday": [
        {
            "start": "0630",
            "end": "1600",
            "breaks": [
                {
                    "start": "0830",
                    "end": "0900"
                },
                {
                    "start": "1300",
                    "end": "1345"
                }
            ]
        },
        {
            "start": "0800",
            "end": "1700",
            "breaks": [
                {
                    "start": "1200",
                    "end": "1300"
                }
            ]
        },
        {
            "start": "1100",
            "end": "1800",
            "breaks": [
                {
                    "start": "1445",
                    "end": "1445"
                }
            ]
        },
        {
            "start": "1200",
            "end": "1900",
            "breaks": [
                {
                    "start": "1500",
                    "end": "1545"
                }
            ]
        },
        {
            "start": "1300",
            "end": "2000",
            "breaks": [
                {
                    "start": "1600",
                    "end": "1645"
                }
            ]
        },
        {
            "start": "1600",
            "end": "2315",
            "breaks": [
                {
                    "start": "1845",
                    "end": "1915"
                }
            ]
        },
        {
            "start": "1700",
            "end": "2315",
            "breaks": [
                {
                    "start": "1915",
                    "end": "1945"
                }
            ]
        }
    ]
}